{"title":"LR WEB - Policy - Политика Конфедициальности","info":"Политика Конфедициальности для сайта","author":"Vimer","page":"policy","version":"0.1","required":{"core":"0.2","php":"5.4"},"setting":{"status":1,"type":1,"available_types":"1","interface":1,"interface_adjacent":"afternavbar","translation":0,"data":0,"data_always":0,"css":0,"js":0,"cache_enable":1,"cache_time":86400},"sidebar":[{"href":"?page=policy","open_new_tab":"0","icon_group":"zmdi","icon_category":null,"icon":"zmdi zmdi-border-color","name":"Политика конфедициальности","sidebar_directory":""}]}